title,rata2_bintang,std_bintang,jumlah_ulasan,rasio_positif,rasio_netral,rasio_negatif,confidence_avg,skor_rekomendasi
Ekowisata Tritis Gunungkidul,5.0,0.0,7,0.8571428571428571,0.14285714285714285,0.0,0.9060389274067611,0.9285714285714286
Taman Jamu Naturindo,4.9156626506024095,0.47382252716238293,83,0.7349397590361446,0.04819277108433735,0.21686746987951808,0.8861897719385802,0.8590361445783132
Hutan Pinus Mangunan,4.925925925925926,0.26435052857271474,54,0.7222222222222222,0.09259259259259259,0.18518518518518517,0.8942628026080158,0.8537037037037036
Makam Ki Ageng Giring Sukodono ,5.0,0.0,17,0.7058823529411765,0.0,0.29411764705882354,0.936878151631542,0.8529411764705883
Museum Sonobudoyo,4.930232558139535,0.2577696311132336,43,0.6976744186046512,0.046511627906976744,0.2558139534883721,0.908798673332959,0.8418604651162791
Puncak Becici,4.822222222222222,0.44153085390433905,45,0.7111111111111111,0.044444444444444446,0.24444444444444444,0.9094517504776183,0.8377777777777777
Gunung Pinus Pengger,4.771428571428571,0.49024089430991113,35,0.7142857142857143,0.14285714285714285,0.14285714285714285,0.8764257840240334,0.8342857142857143
Museum Anak Bajang,5.0,0.0,6,0.6666666666666666,0.0,0.3333333333333333,0.9823369982175185,0.8333333333333333
Watu Amben,4.809523809523809,0.4546826949399069,42,0.6904761904761905,0.023809523809523808,0.2857142857142857,0.906947233392089,0.8261904761904761
Kampung Emas,4.791666666666667,0.45933964318510384,48,0.6875,0.10416666666666667,0.20833333333333334,0.8827919979296953,0.8229166666666667
Rumah Sandi Negara,4.984615384615385,0.12403473458920844,65,0.6307692307692307,0.07692307692307693,0.2923076923076923,0.9050656003196076,0.8138461538461539
Lembah Kars Mulo,4.625,0.9250779592927457,40,0.7,0.025,0.275,0.9115102818598546,0.8125
Andi Bayou Museum,4.909090909090909,0.30151134457776363,11,0.6363636363636364,0.0,0.36363636363636365,0.9456590606522535,0.8090909090909091
Pantai Mesra,4.814814814814815,0.616566086193771,54,0.6481481481481481,0.05555555555555555,0.2962962962962963,0.9054582854851178,0.8055555555555556
Sendang Beji,4.8,0.4050957468334668,40,0.65,0.075,0.275,0.8866136358368285,0.8049999999999999
Museum Anaia Alisha,4.8933333333333335,0.5829406657798202,75,0.6266666666666667,0.09333333333333334,0.28,0.8869255508017829,0.8026666666666666
Watu Goyang,4.853658536585366,0.5273033097637495,41,0.6341463414634146,0.024390243902439025,0.34146341463414637,0.889044589358922,0.802439024390244
Museum Batik,4.959183673469388,0.19991494790174605,49,0.6122448979591837,0.04081632653061224,0.3469387755102041,0.8898586676560336,0.8020408163265307
Museum Muhammadiyah,4.756756756756757,0.9251247785330667,37,0.6486486486486487,0.13513513513513514,0.21621621621621623,0.8694022788684631,0.8
Goa Tanding,4.775,0.619656646034204,40,0.625,0.05,0.325,0.9191722544251482,0.79
HeHa Sky View,4.744186046511628,0.7268006622574084,43,0.627906976744186,0.11627906976744186,0.2558139534883721,0.8798390946035691,0.7883720930232558
Museum Sandi,5.0,0.0,56,0.5714285714285714,0.07142857142857142,0.35714285714285715,0.8872212749186729,0.7857142857142857
Panorama Setro,4.771929824561403,0.655132043932724,57,0.6140350877192983,0.05263157894736842,0.3333333333333333,0.8992342357767893,0.7842105263157895
Mengger Kemuning,4.793103448275862,0.40861858377396976,58,0.603448275862069,0.06896551724137931,0.3275862068965517,0.9114080699510028,0.7810344827586206
Candi Banyunibo,4.583333333333333,0.9673232581274401,36,0.6388888888888888,0.1111111111111111,0.25,0.8847485902315821,0.7777777777777777
Teras Merapi,4.553191489361702,0.8024015756599974,47,0.6382978723404256,0.10638297872340426,0.2553191489361702,0.8719350784647889,0.774468085106383
Jogja Mini Zoo Exotarium,4.671428571428572,0.863451593457506,70,0.6142857142857143,0.04285714285714286,0.34285714285714286,0.904589460080721,0.7742857142857144
Wisata Wayang Wukirsari,5.0,0.0,33,0.5454545454545454,0.21212121212121213,0.24242424242424243,0.8132592739846185,0.7727272727272727
Masjid Gedhe Mataram ,4.886792452830188,0.5771407426832919,53,0.5660377358490566,0.1320754716981132,0.3018867924528302,0.8780552488222496,0.7716981132075471
Embung Nglanggeran,4.6875,0.7761402044870995,48,0.6041666666666666,0.10416666666666667,0.2916666666666667,0.8899701215082715,0.7708333333333333
Grand Puri Waterpark,4.861538461538461,0.6092239704360344,65,0.5692307692307692,0.06153846153846154,0.36923076923076925,0.9182054358955335,0.7707692307692307
Grojogan Watu Purbo,4.666666666666667,0.6302087912488812,48,0.6041666666666666,0.10416666666666667,0.2916666666666667,0.8815512577608627,0.76875
Bejiharjo Edupark,4.394736842105263,1.0277099623503132,38,0.6578947368421053,0.07894736842105263,0.2631578947368421,0.8867589984206248,0.7684210526315789
Selopamioro Adventure Park,4.5,0.8621155625803557,38,0.631578947368421,0.02631578947368421,0.34210526315789475,0.9082229904303883,0.7657894736842106
Gunung Gajah,4.666666666666667,0.8056815791722832,39,0.5897435897435898,0.1794871794871795,0.23076923076923078,0.8709928921129464,0.7615384615384615
Taman Tebing Breksi,4.658536585365853,0.9383431168171101,41,0.5853658536585366,0.07317073170731707,0.34146341463414637,0.8988388421121664,0.7585365853658537
Pantai Mbuluk,4.739130434782608,0.740670878584835,69,0.5652173913043478,0.043478260869565216,0.391304347826087,0.8849933602271883,0.7565217391304347
Puncak Sosok,4.854166666666667,0.6184945116918241,48,0.5416666666666666,0.125,0.3333333333333333,0.8855330486179768,0.7562500000000001
Sesar Opak Bukit Mengger,4.622641509433962,0.6857453859835134,53,0.5849056603773585,0.11320754716981132,0.3018867924528302,0.9033210078294618,0.7547169811320755
Museum Gumuk Pasir Parangtritis Geomaritim Science Park,4.783333333333333,0.8252717408997376,60,0.55,0.11666666666666667,0.3333333333333333,0.8588693952600188,0.7533333333333334
"AloeLand,Rasane Vera,Aloe Station's ""Pabrik Olahan Aloevera & Wisata Edukasi Aloevera""",4.894736842105263,0.4505635568895831,57,0.5263157894736842,0.14035087719298245,0.3333333333333333,0.8609271874500264,0.7526315789473683
Pantai Buron,4.622222222222222,0.6497862896539311,45,0.5777777777777777,0.08888888888888889,0.3333333333333333,0.865215136197921,0.7511111111111111
Wisata Bojong Asri,4.87719298245614,0.38126553544911884,57,0.5263157894736842,0.10526315789473684,0.3684210526315789,0.8753819221493462,0.7508771929824561
Turgo Plawangan ,5.0,0.0,2,0.5,0.0,0.5,0.9348476731586408,0.75
Kawasan Gua Cerme,5.0,0.0,2,0.5,0.0,0.5,0.9779063055659014,0.75
Air Terjun Yohnan,5.0,0.0,4,0.5,0.25,0.25,0.8649506180506342,0.75
Bukit Mintorogo,4.475,1.0374401434695166,40,0.6,0.1,0.3,0.8674192287628886,0.7474999999999999
HeHa Ocean View,4.555555555555555,1.124489103259335,72,0.5833333333333334,0.08333333333333333,0.3333333333333333,0.8963165817468224,0.7472222222222222
Museum Memorial Jendral Besar HM Soeharto,4.684210526315789,0.7390740429532642,38,0.5526315789473685,0.13157894736842105,0.3157894736842105,0.8636309556430612,0.7447368421052631
Embung Jlamprong,4.468085106382978,0.7178186712348444,47,0.5957446808510638,0.10638297872340426,0.2978723404255319,0.8744285267351105,0.7446808510638298
Museum Wayang Beber Sekartaji,4.916666666666667,0.34722813233740846,48,0.5,0.125,0.375,0.8400923356363023,0.7416666666666667
EMBUNG TONOGORO (ꦲꦼꦩ꧀ꦧꦸꦁꦠꦤꦒꦫ) - DESA BANJAROYO - KALIBAWANG,4.5476190476190474,0.5927357389374331,42,0.5714285714285714,0.023809523809523808,0.40476190476190477,0.8990865481357494,0.7404761904761905
Wisata Bukit Watugede,4.4,0.9403246919632544,20,0.6,0.1,0.3,0.8843853322628862,0.74
Lembah Sorory,4.6875,0.6890094647776556,48,0.5416666666666666,0.14583333333333334,0.3125,0.8697625669952015,0.7395833333333333
Waduk Sermo,4.73469387755102,0.729597783144979,49,0.5306122448979592,0.12244897959183673,0.3469387755102041,0.8750714343513717,0.7387755102040816
Pantai Jungwok,4.746031746031746,0.5670595908906716,63,0.5238095238095238,0.031746031746031744,0.4444444444444444,0.8999993668604855,0.7365079365079366
Situs Surocolo Goa Sunan Mas,4.76,0.6869037302955031,50,0.52,0.1,0.38,0.8761868007105262,0.736
Pantai Siung,4.813559322033898,0.6816454804921651,59,0.5084745762711864,0.06779661016949153,0.423728813559322,0.8830124445232502,0.735593220338983
 Museum Benteng Vredeburg,4.854166666666667,0.41203094974297644,48,0.5,0.0625,0.4375,0.8925284449946457,0.7354166666666667
Museum Pleret,4.852941176470588,0.3594906279535709,34,0.5,0.11764705882352941,0.38235294117647056,0.900658863114162,0.7352941176470588
Ndalem Pujokusuman Pamulangan Beksa Sasminta Mardawa,4.918918918918919,0.27672473069203013,37,0.4864864864864865,0.10810810810810811,0.40540540540540543,0.8246731190630875,0.7351351351351352
Pantai Sadranan,4.74,0.6942915931555923,50,0.52,0.06,0.42,0.9021216654082356,0.734
Museum Bank Indonesia,4.825,0.5006406152531231,40,0.5,0.1,0.4,0.8829359647251325,0.7325
Hutan Pendidikan Wanagama,4.679245283018868,0.6437147273580953,53,0.5283018867924528,0.22641509433962265,0.24528301886792453,0.8354898404109866,0.7320754716981133
De MANGOL VIEW,4.52,0.7351245903010633,50,0.56,0.08,0.36,0.8987615225417638,0.732
Wunung Giriselokondo,4.704545454545454,0.5531955983003285,44,0.5227272727272727,0.1590909090909091,0.3181818181818182,0.8706001986678669,0.7318181818181817
Museum Geoteknologi Mineral UPN,4.742857142857143,0.505432670960188,35,0.5142857142857142,0.2,0.2857142857142857,0.8478952043453256,0.7314285714285714
Kampung Jelok,4.428571428571429,0.7390659560519333,35,0.5714285714285714,0.11428571428571428,0.3142857142857143,0.8971426824728309,0.7285714285714286
Laguna Pantai Depok,4.625,0.7071067811865475,32,0.53125,0.0625,0.40625,0.8686843780640148,0.728125
Ekowisata Nologaten,4.604651162790698,0.8766694246848052,43,0.5348837209302325,0.13953488372093023,0.32558139534883723,0.8760628375339348,0.727906976744186
Bukit Paralayang Watugupit,4.659090909090909,0.9631146619216512,44,0.5227272727272727,0.11363636363636363,0.36363636363636365,0.8851136957535876,0.7272727272727273
Makam Girigondo,4.769230769230769,0.42966892442365967,26,0.5,0.15384615384615385,0.34615384615384615,0.8579911711489762,0.7269230769230769
Keraton Ratu Boko,4.625,0.8678739126192976,40,0.525,0.15,0.325,0.8769899570487782,0.7250000000000001
Candi Ijo ,4.875,0.40430377003132,40,0.475,0.075,0.45,0.8779108746270274,0.725
Taman Nasional Gunung Merapi,4.8478260869565215,0.5564726729577943,46,0.4782608695652174,0.06521739130434782,0.45652173913043476,0.8929398613806853,0.7239130434782608
Museum TNI AD Dharma Wiratama,4.840909090909091,0.4794949774542019,44,0.4772727272727273,0.06818181818181818,0.45454545454545453,0.892328815031005,0.7227272727272727
Tritis Saint Mary's Grotto - Gunungkidul Regency,4.979591836734694,0.14285714285714282,49,0.4489795918367347,0.1836734693877551,0.3673469387755102,0.8591336368980593,0.7224489795918367
Bukit Kosakora,4.571428571428571,0.8660254037844386,49,0.5306122448979592,0.061224489795918366,0.40816326530612246,0.9105013749126627,0.7224489795918367
Museum Gunung Api Merapi,4.775510204081633,0.5868455973269637,49,0.4897959183673469,0.08163265306122448,0.42857142857142855,0.8806842386937879,0.7224489795918367
Museum UGM,4.888888888888889,0.31782086308186425,45,0.4666666666666667,0.06666666666666667,0.4666666666666667,0.8807237213936661,0.7222222222222223
Candi Barong,4.790322580645161,0.44857138526490625,62,0.4838709677419355,0.08064516129032258,0.43548387096774194,0.884118244386211,0.7209677419354839
Omah Salak,4.690476190476191,0.7804968785767566,42,0.5,0.047619047619047616,0.4523809523809524,0.8951760635285644,0.719047619047619
Agro Tourism Bhumi Merapi,4.517241379310345,0.9595572683483614,58,0.5344827586206896,0.06896551724137931,0.39655172413793105,0.8984700357588974,0.7189655172413794
Mangrove Wanatirta,4.43859649122807,1.1183141626645174,57,0.543859649122807,0.17543859649122806,0.2807017543859649,0.8463176708507749,0.7157894736842105
Kebun Buah Mangunan,4.7894736842105265,0.5769394898639179,38,0.47368421052631576,0.02631578947368421,0.5,0.8986897612934678,0.7157894736842105
Pantai Gesing,4.488888888888889,0.9444147351239239,45,0.5333333333333333,0.08888888888888889,0.37777777777777777,0.8933754225026268,0.7155555555555555
Pantai Watu Kodok,4.65,1.001281230506246,40,0.5,0.1,0.4,0.889467110110582,0.7150000000000001
Suraloka Interactive Zoo,4.907692307692308,0.38418244864407053,65,0.4461538461538462,0.15384615384615385,0.4,0.8649005943979959,0.7138461538461539
Jogja Agro Park (JAP),4.784313725490196,0.5766706335577035,51,0.47058823529411764,0.13725490196078433,0.39215686274509803,0.8736285798839485,0.7137254901960783
Kaliurang Park Botanical Garden,4.52,1.1821806208901258,50,0.52,0.18,0.3,0.8723656330956598,0.712
Affandi Museum,4.911764705882353,0.2879022412812365,34,0.4411764705882353,0.08823529411764706,0.47058823529411764,0.8778161723198635,0.711764705882353
Museum Perjuangan,4.764705882352941,0.4959730887990137,34,0.47058823529411764,0.08823529411764706,0.4411764705882353,0.8960627716999813,0.7117647058823529
Puncak Suroloyo,4.849056603773585,0.4112002326723349,53,0.4528301886792453,0.05660377358490566,0.49056603773584906,0.8986389790585826,0.7113207547169811
Seribu Batu Songgolangit,4.717391304347826,0.5016879720065438,46,0.4782608695652174,0.13043478260869565,0.391304347826087,0.8838654397632087,0.7108695652173913
Embung Kleco,4.173913043478261,1.0604893592862779,46,0.5869565217391305,0.043478260869565216,0.3695652173913043,0.9005531912675716,0.7108695652173913
Tembi Rumah Budaya,4.7368421052631575,0.6010895749371726,38,0.47368421052631576,0.15789473684210525,0.3684210526315789,0.8556165225350123,0.7105263157894737
Bukit Wisata Pulepayung,4.708333333333333,0.6174185563771674,48,0.4791666666666667,0.14583333333333334,0.375,0.8825536481841442,0.7104166666666667
Perbukitan Widosari,4.788461538461538,0.666760928479321,52,0.46153846153846156,0.09615384615384616,0.4423076923076923,0.890122226729123,0.7096153846153845
Agrowisata Turi,4.238095238095238,1.1220522097657424,42,0.5714285714285714,0.16666666666666666,0.2619047619047619,0.8881724512451605,0.7095238095238094
Museum Gerabah Kasongan,4.938461538461539,0.24218556140663328,65,0.4307692307692308,0.07692307692307693,0.49230769230769234,0.8758321558082175,0.7092307692307693
Gardu Pandang Kaliurang,4.479166666666667,0.9673298043349072,48,0.5208333333333334,0.125,0.3541666666666667,0.8725776486978667,0.7083333333333334
Bukit Klangon,4.68,0.8191583535332259,50,0.48,0.06,0.46,0.8944316956533508,0.708
Wisata Alam Watu Gendong Beji,4.666666666666667,0.7244464749279005,48,0.4791666666666667,0.10416666666666667,0.4166666666666667,0.8585546083057433,0.70625
Pantai Kayu Arum,4.648148148148148,0.8502476311297722,54,0.48148148148148145,0.05555555555555555,0.46296296296296297,0.889734502671913,0.7055555555555555
Goa Kebon,4.431818181818182,0.9976187292568535,44,0.5227272727272727,0.09090909090909091,0.38636363636363635,0.8804329694627437,0.7045454545454546
Pantai Nampu,4.686274509803922,0.7613198034579521,51,0.47058823529411764,0.058823529411764705,0.47058823529411764,0.9137216993409286,0.7039215686274509
Pantai Sundak,4.537037037037037,1.022630034412065,54,0.5,0.05555555555555555,0.4444444444444444,0.8970811848806922,0.7037037037037037
Gedung Agung Yogyakarta,4.533333333333333,1.1566560021651349,60,0.5,0.11666666666666667,0.38333333333333336,0.861920342617981,0.7033333333333334
Chocolate Monggo Museum New Factory Store Kedai & Gelato,4.901639344262295,0.35142178042853706,61,0.4262295081967213,0.04918032786885246,0.5245901639344263,0.8814676921327275,0.7032786885245902
Candi Sari,4.75,0.6862435664967209,44,0.45454545454545453,0.09090909090909091,0.45454545454545453,0.8824986726992786,0.7022727272727273
Ledok Sambi Ecopark,4.704918032786885,0.6914781822318997,61,0.45901639344262296,0.14754098360655737,0.39344262295081966,0.8831876784317562,0.7000000000000001
History Of Java Museum (HOJ),4.121212121212121,1.3864878235485822,33,0.5757575757575758,0.12121212121212122,0.30303030303030304,0.8515945040456092,0.7
Sungai Mudal,4.857142857142857,0.408248290463863,49,0.42857142857142855,0.08163265306122448,0.4897959183673469,0.9013665493091796,0.7
Wisata Alam Kembang Soka,4.857142857142857,0.3631365196012815,14,0.42857142857142855,0.0,0.5714285714285714,0.8872539750977503,0.7
Museum Kotagede Intro Living Museum,4.9491525423728815,0.22157187777172221,59,0.4067796610169492,0.13559322033898305,0.4576271186440678,0.8745653315057492,0.6983050847457628
Pantai Somandeng,4.660714285714286,0.6403631275026185,56,0.4642857142857143,0.125,0.4107142857142857,0.8743856621424507,0.6982142857142857
Pantai Nglambor,4.666666666666667,0.762000762001143,63,0.4603174603174603,0.1111111111111111,0.42857142857142855,0.8985258224772086,0.6968253968253968
Gua Cerme,4.760869565217392,0.7050542172594692,46,0.43478260869565216,0.06521739130434782,0.5,0.8924773560093978,0.6934782608695652
Wisata Outbond Gunung Mungker,4.487804878048781,0.745719492152116,41,0.4878048780487805,0.1951219512195122,0.3170731707317073,0.8326486976956451,0.6926829268292684
Nawang Jagad,4.878787878787879,0.37273011540220224,66,0.4090909090909091,0.09090909090909091,0.5,0.8704823739159336,0.6924242424242425
Air Terjun Kedung Pedut,4.815789473684211,0.7298745970738874,38,0.42105263157894735,0.10526315789473684,0.47368421052631576,0.8952604029354432,0.6921052631578948
Monumen Museum Pangeran Diponegoro,4.628571428571429,0.9102589898327995,35,0.45714285714285713,0.08571428571428572,0.45714285714285713,0.8603246892984412,0.6914285714285715
Pantai Slili,4.60655737704918,0.9179449606701222,61,0.45901639344262296,0.08196721311475409,0.45901639344262296,0.87498196336481,0.6901639344262295
Telaga Kemuning,4.345454545454546,0.8436732257127234,55,0.509090909090909,0.03636363636363636,0.45454545454545453,0.9056363439921924,0.6890909090909091
Ayunan Langit,4.481481481481482,0.9352239703107885,27,0.48148148148148145,0.2222222222222222,0.2962962962962963,0.847296519988295,0.6888888888888889
Museum Terbuka Vulcano Park Bakalan,4.314285714285714,0.963187983955871,35,0.5142857142857142,0.14285714285714285,0.34285714285714286,0.8551326271758263,0.6885714285714285
Bunker Kaliadem Merapi,4.82051282051282,0.3887764119844716,39,0.41025641025641024,0.1282051282051282,0.46153846153846156,0.8777154430756579,0.6871794871794872
Satoloka,4.565217391304348,0.8069744292532441,46,0.45652173913043476,0.08695652173913043,0.45652173913043476,0.8743654746530652,0.6847826086956521
Goa bentar the swargaloka adventure,4.333333333333333,1.632993161855452,6,0.5,0.16666666666666666,0.3333333333333333,0.80235098440362,0.6833333333333333
Batu Alien,4.5,1.0747894741730135,30,0.4666666666666667,0.1,0.43333333333333335,0.8668964177977426,0.6833333333333333
Gamplong Studio Alam,4.660377358490566,0.7323144613120339,53,0.4339622641509434,0.11320754716981132,0.4528301886792453,0.89507430708838,0.6830188679245283
Kebun Teh Nglinggo,4.2682926829268295,1.096001602277625,41,0.5121951219512195,0.0975609756097561,0.3902439024390244,0.8949063845637085,0.6829268292682927
Pantai Ngobaran,4.377777777777778,1.3019022601368715,45,0.4888888888888889,0.1111111111111111,0.4,0.8999802737367547,0.6822222222222223
Potrobayan,4.377777777777778,1.2300940261343085,45,0.4888888888888889,0.044444444444444446,0.4666666666666667,0.8957676320709158,0.6822222222222223
Pintu Langit Dahromo,4.431818181818182,0.8462702650585089,44,0.4772727272727273,0.06818181818181818,0.45454545454545453,0.8972886402037371,0.6818181818181819
Museum Gempa Prof Dr Sarwidi,4.578947368421052,0.7215441005558437,38,0.4473684210526316,0.10526315789473684,0.4473684210526316,0.8537175751896262,0.6815789473684211
Situs Mangir Ki Ageng,4.625,0.6090712125322324,32,0.4375,0.125,0.4375,0.88883394207382,0.68125
Petilasan Kembang Lampir,4.861111111111111,0.4244510927759877,36,0.3888888888888889,0.25,0.3611111111111111,0.8338752583194657,0.6805555555555555
Pantai Ngandong,4.688888888888889,0.7926429387074789,45,0.4222222222222222,0.13333333333333333,0.4444444444444444,0.8639471790446749,0.68
Wisata Alam Kedung Banteng,4.3,1.2359555845161068,30,0.5,0.13333333333333333,0.36666666666666664,0.8903216246016946,0.6799999999999999
Pantai Mlarangan Asri,4.618181818181818,0.7815205760403309,55,0.43636363636363634,0.10909090909090909,0.45454545454545453,0.8916316073510459,0.6799999999999999
 Museum Dirgantara,4.925,0.2667467828369186,40,0.375,0.1,0.525,0.8674370477964647,0.6799999999999999
Monumen Yogya Kembali,4.8,0.6076436202502,40,0.4,0.125,0.475,0.8765519229900743,0.6799999999999999
Pantai Sepanjang,4.508474576271187,0.9715412809291154,59,0.4576271186440678,0.0847457627118644,0.4576271186440678,0.8722934688715076,0.6796610169491526
Museum Wahanarata,4.916666666666667,0.2793101938654641,48,0.375,0.020833333333333332,0.6041666666666666,0.9051514850457091,0.6791666666666667
Diorama Arsip Jogja,4.916666666666667,0.5773502691896256,48,0.375,0.08333333333333333,0.5416666666666666,0.8779606274371327,0.6791666666666667
Tankaman Kaliurang,4.627450980392157,0.9992153784590286,51,0.43137254901960786,0.0784313725490196,0.49019607843137253,0.8813050687257385,0.6784313725490196
Candi Gebang,4.838709677419355,0.7347005827114602,31,0.3870967741935484,0.0967741935483871,0.5161290322580645,0.8608587874042373,0.6774193548387097
Pantai Parangendog,4.631578947368421,0.9421382417521514,38,0.42105263157894735,0.13157894736842105,0.4473684210526316,0.8654520239798464,0.6736842105263158
Kebun Teh Tritis,4.2368421052631575,0.8833049281064096,38,0.5,0.05263157894736842,0.4473684210526316,0.8957623406267363,0.6736842105263158
Gembira Loka Zoo,4.825396825396825,0.6848518214979896,63,0.38095238095238093,0.09523809523809523,0.5238095238095238,0.8819291845385091,0.673015873015873
Goa Braholo Pj,4.482758620689655,1.0219270890672478,29,0.4482758620689655,0.1724137931034483,0.3793103448275862,0.859997310838102,0.6724137931034482
Bukit Lintang Sewu,4.52,0.931095470674304,50,0.44,0.12,0.44,0.8792649408474681,0.6719999999999999
Makam Raja-Raja Mataram Kotagede,4.818181818181818,0.523570314404736,66,0.3787878787878788,0.09090909090909091,0.5303030303030303,0.8612119962985814,0.6712121212121211
Pantai Kesirat,4.709090909090909,0.8316143887538813,55,0.4,0.12727272727272726,0.4727272727272727,0.8703336966084468,0.6709090909090909
Hutan Pinus Asri,4.325,1.0225032129596565,40,0.475,0.1,0.425,0.8733925479489708,0.6699999999999999
Candi Kalasan,4.604651162790698,0.6225728063646903,43,0.4186046511627907,0.23255813953488372,0.3488372093023256,0.8512846387350206,0.6697674418604651
Gua Jepang,4.5,0.899172196132572,48,0.4375,0.0625,0.5,0.8965341683620762,0.66875
Gunung Ireng,4.853658536585366,0.3578390427102734,41,0.36585365853658536,0.24390243902439024,0.3902439024390244,0.8457729134460473,0.6682926829268292
Bukit Turgo,4.786885245901639,0.486989188735597,61,0.3770491803278688,0.11475409836065574,0.5081967213114754,0.8714355266578766,0.6672131147540983
Makam Raja-Raja Imogiri,4.871794871794871,0.33868842842937047,39,0.358974358974359,0.1794871794871795,0.46153846153846156,0.8404117020034115,0.6666666666666666
Air Terjun Kembang Soka,4.7272727272727275,0.5852304798861194,44,0.38636363636363635,0.11363636363636363,0.5,0.8610492300029481,0.665909090909091
Monumen Perjuangan Taruna (Plataran),4.65,0.6621642835894569,40,0.4,0.175,0.425,0.8386346519572297,0.665
Obelix Sea View,4.4,1.1723305738395524,40,0.45,0.15,0.4,0.8790386886658963,0.665
Candi Sambisari,4.682926829268292,0.9337832829474915,41,0.3902439024390244,0.1951219512195122,0.4146341463414634,0.8413800501415297,0.6634146341463414
Pantai Congot,4.482142857142857,0.894245673556951,56,0.42857142857142855,0.08928571428571429,0.48214285714285715,0.8961928160472666,0.6625
Taman Pintar,4.614285714285714,0.996993409814353,70,0.4,0.05714285714285714,0.5428571428571428,0.8874249850471316,0.6614285714285715
Gunung Api Purba Nglanggeran,4.8936170212765955,0.3116605283339056,47,0.3404255319148936,0.14893617021276595,0.5106382978723404,0.8773751964081935,0.6595744680851063
Taman Sari Kraton Yogyakarta,4.680851063829787,0.8104315269931791,47,0.3829787234042553,0.14893617021276595,0.46808510638297873,0.8778360476521447,0.6595744680851063
Pantai Banyutibo,4.803571428571429,0.519427757060782,56,0.35714285714285715,0.10714285714285714,0.5357142857142857,0.8816528641505104,0.6589285714285714
Gua Maria Sendangsono,4.823529411764706,0.7164977208318386,34,0.35294117647058826,0.08823529411764706,0.5588235294117647,0.8897498270963813,0.6588235294117647
Museum Serat Holistik Kehidupan Susilawati Susmoni,4.862068965517241,0.7427813527082074,29,0.3448275862068966,0.10344827586206896,0.5517241379310345,0.8828470707016708,0.6586206896551724
Bukit Panguk Kediwung,4.2682926829268295,1.1624196798898074,41,0.4634146341463415,0.07317073170731707,0.4634146341463415,0.8756766356835192,0.6585365853658537
Museum Pergerakan Wanita Indonesia,4.7368421052631575,0.5619514869490163,19,0.3684210526315789,0.10526315789473684,0.5263157894736842,0.8817166441686924,0.6578947368421052
Embung Batara Sriten,4.722222222222222,0.6563669781935203,54,0.37037037037037035,0.037037037037037035,0.5925925925925926,0.8890961069066294,0.6574074074074074
Bendungan Kamijoro,4.444444444444445,0.9898474527915802,45,0.4222222222222222,0.08888888888888889,0.4888888888888889,0.8918030341209721,0.6555555555555556
Goa Gajah Lemahbang,4.2727272727272725,1.4206272622267315,11,0.45454545454545453,0.0,0.5454545454545454,0.9158433708099679,0.6545454545454545
Mahaloka Paradise,4.34,1.0806271799472824,50,0.44,0.06,0.5,0.9002693465570383,0.654
Pantai Timang,4.7,1.02216808119159,30,0.36666666666666664,0.23333333333333334,0.4,0.8417886405020788,0.6533333333333333
Museum Jenderal Sudirman,4.65625,0.6530017536902796,32,0.375,0.09375,0.53125,0.8831672472308857,0.653125
Pantai Bidara,4.5625,0.7532996199788748,64,0.390625,0.125,0.484375,0.8823827687026417,0.6515625
Tlogo Muncar,4.509090909090909,0.9403058460815207,55,0.4,0.07272727272727272,0.5272727272727272,0.9066755354389519,0.6509090909090909
Pantai Kukup,4.714285714285714,0.5961549268974563,42,0.35714285714285715,0.09523809523809523,0.5476190476190477,0.8846505914814339,0.65
Goa Ngingrong,4.6,0.6717752982077051,40,0.375,0.2,0.425,0.8353980720684261,0.6475
Situs Warungboto,4.7631578947368425,0.6339157811876048,38,0.34210526315789475,0.15789473684210525,0.5,0.8737639980399943,0.6473684210526316
Pantai Nguyahan,4.63265306122449,0.8340133280065235,49,0.3673469387755102,0.10204081632653061,0.5306122448979592,0.8821666500671002,0.6469387755102041
Pantai Gua Cemara,4.2444444444444445,1.1511961280566076,45,0.4444444444444444,0.13333333333333333,0.4222222222222222,0.8756396226570914,0.6466666666666667
Goa Jlamprong ꧋ꦒꦺꦴꦮꦗ꧀ꦭꦩ꧀ꦥꦿꦺꦴꦁ,4.133333333333334,1.1872336794093274,15,0.4666666666666667,0.13333333333333333,0.4,0.8502821017042475,0.6466666666666667
Gunung Gamping,4.885714285714286,0.4037638048216231,35,0.3142857142857143,0.2,0.4857142857142857,0.8432236878495466,0.6457142857142857
Gunung Kendil,4.816326530612245,0.6348710298082564,49,0.32653061224489793,0.08163265306122448,0.5918367346938775,0.9134815148534221,0.6448979591836734
Museum Biology,4.638297872340425,0.895047531283252,47,0.3617021276595745,0.0425531914893617,0.5957446808510638,0.9087665092523531,0.6446808510638298
Museum Ullen Sentalu,4.5625,0.8969511004484833,48,0.375,0.16666666666666666,0.4583333333333333,0.8413142394526524,0.64375
Wisata Alam Kali Gowang,4.5625,0.727438428093173,16,0.375,0.0,0.625,0.9156158736577314,0.64375
Museum Dewantara Kirti Griya,4.945945945945946,0.22924343513512563,37,0.2972972972972973,0.13513513513513514,0.5675675675675675,0.8638728919679758,0.6432432432432432
Museum Rumah Garuda,4.675675675675675,0.6689151272377143,37,0.35135135135135137,0.21621621621621623,0.43243243243243246,0.8004028790186236,0.6432432432432432
Geoforest Watu Payung Turunan,4.362068965517241,1.1949935896777193,58,0.41379310344827586,0.10344827586206896,0.4827586206896552,0.8888839667942177,0.6431034482758621
Pantai Glagah,4.541666666666667,0.9884079899565408,48,0.375,0.14583333333333334,0.4791666666666667,0.8758679535765332,0.6416666666666667
Kraton Jogja,4.862068965517241,0.5808945030255669,29,0.3103448275862069,0.13793103448275862,0.5517241379310345,0.8842141495095194,0.6413793103448275
Pictniq,4.37037037037037,1.170329679342878,54,0.4074074074074074,0.14814814814814814,0.4444444444444444,0.875749575512575,0.6407407407407407
Museum Padepokan Sumber Karahayon,4.4,0.8944271909999161,5,0.4,0.0,0.6,0.9094776073012412,0.6400000000000001
Gua Jomblang ,4.9,0.316227766016838,10,0.3,0.3,0.4,0.8329715933746927,0.64
Pantai Ngetun,4.447761194029851,1.048571641597363,67,0.3880597014925373,0.07462686567164178,0.5373134328358209,0.8860029188997158,0.6388059701492537
Pantai Sarangan,4.867924528301887,0.3940780793903959,53,0.3018867924528302,0.09433962264150944,0.6037735849056604,0.8829702903637616,0.6377358490566037
Goa Rancang Kencono,4.655737704918033,0.7276731386558881,61,0.3442622950819672,0.11475409836065574,0.5409836065573771,0.873244922315879,0.6377049180327868
Pantai Bugel Kulon Progo,4.411764705882353,0.9628389395581236,51,0.39215686274509803,0.0784313725490196,0.5294117647058824,0.9001208856621421,0.6372549019607844
Kawasan Konservasi Mangrove Baros,4.509803921568627,0.7582228965049223,51,0.37254901960784315,0.0784313725490196,0.5490196078431373,0.881500898300637,0.6372549019607843
Telaga Jonge,4.224489795918367,1.2790834303393612,49,0.42857142857142855,0.08163265306122448,0.4897959183673469,0.9069011119007981,0.636734693877551
Plunyon Kalikuning,4.63265306122449,1.0143527811495616,49,0.3469387755102041,0.08163265306122448,0.5714285714285714,0.8911445157281068,0.636734693877551
Pantai Wohkudu,4.576271186440678,0.9322458945731904,59,0.3559322033898305,0.13559322033898305,0.5084745762711864,0.8863485648565935,0.635593220338983
Tahura Bunder,4.147058823529412,0.988796419932486,34,0.4411764705882353,0.11764705882352941,0.4411764705882353,0.8952239712983646,0.6352941176470588
Petilasan Gunung Gambar,4.816326530612245,0.6348710298082564,49,0.30612244897959184,0.12244897959183673,0.5714285714285714,0.8879405056345198,0.6346938775510205
Air Terjun Banyunibo,4.46875,0.9832262562440759,32,0.375,0.1875,0.4375,0.8719579066552453,0.634375
Goa Kiskendo,4.410256410256411,1.0187182017755843,39,0.38461538461538464,0.10256410256410256,0.5128205128205128,0.8890535820048012,0.6333333333333334
Makam Nyi Ageng Serang,4.666666666666667,0.816496580927726,6,0.3333333333333333,0.0,0.6666666666666666,0.9517341996777705,0.6333333333333333
Pantai Grigak,4.60655737704918,0.6652991438591155,61,0.3442622950819672,0.03278688524590164,0.6229508196721312,0.9153576450864727,0.6327868852459015
Pantai Sadeng,4.478260869565218,1.0052999648481398,46,0.3695652173913043,0.10869565217391304,0.5217391304347826,0.8903180683613311,0.6326086956521739
Pantai Wediombo,4.4576271186440675,1.1036309024792084,59,0.3728813559322034,0.1016949152542373,0.5254237288135594,0.8770032064097733,0.6322033898305084
The Manglung View,4.267857142857143,1.213425975246367,56,0.4107142857142857,0.05357142857142857,0.5357142857142857,0.913302013088427,0.6321428571428571
Museum Bahari,4.613636363636363,0.7840238810704654,44,0.3409090909090909,0.18181818181818182,0.4772727272727273,0.8658014654102463,0.6318181818181817
Galaxy Waterpark,4.487804878048781,1.075219773337344,41,0.36585365853658536,0.0975609756097561,0.5365853658536586,0.9015754128324012,0.6317073170731708
Obelix Village,4.277777777777778,1.2195988617770184,54,0.4074074074074074,0.07407407407407407,0.5185185185185185,0.9136599173078452,0.6314814814814814
Pantai Parangkusumo,4.450980392156863,1.0642128638612873,51,0.37254901960784315,0.1568627450980392,0.47058823529411764,0.8482929953733511,0.6313725490196078
Candi Prambanan,4.75,0.762000762001143,32,0.3125,0.15625,0.53125,0.854084254437024,0.63125
Wisata Alam Kalibiru,4.285714285714286,1.2154636631246145,42,0.40476190476190477,0.09523809523809523,0.5,0.8924828568786738,0.6309523809523809
Air Terjun Sidoharjo,4.673913043478261,0.7617041661399628,46,0.32608695652173914,0.021739130434782608,0.6521739130434783,0.9257853572713294,0.6304347826086956
Museum Pendidikan Indonesia,4.444444444444445,1.1547005383792515,27,0.37037037037037035,0.1111111111111111,0.5185185185185185,0.9015717844240932,0.6296296296296297
Pantai Greweng,4.655172413793103,0.7386978618863568,58,0.3275862068965517,0.08620689655172414,0.5862068965517241,0.9065332851098751,0.6293103448275862
Museum Mini Sisa Hartaku,4.871794871794871,0.4090738692453054,39,0.28205128205128205,0.05128205128205128,0.6666666666666666,0.8932797662590517,0.6282051282051282
Pantai Pulang Sawal Indrayanti,4.534883720930233,1.0316154047415687,43,0.3488372093023256,0.13953488372093023,0.5116279069767442,0.8528394205904443,0.627906976744186
Kalisuci Cave Tubing,4.757575757575758,0.7512615652314042,33,0.30303030303030304,0.15151515151515152,0.5454545454545454,0.8680575753454635,0.6272727272727273
Pantai Bopeso,4.583333333333333,0.6685579234215215,12,0.3333333333333333,0.0,0.6666666666666666,0.9145666224690121,0.625
Pasar Seni Gabusan ,4.25,1.2513150976809202,20,0.4,0.15,0.45,0.884665085258748,0.625
Wana Delima Orchard,4.574074074074074,0.923525890206226,54,0.3333333333333333,0.09259259259259259,0.5740740740740741,0.8893655490873058,0.6240740740740741
Museum Purbakala Taman Wisata Prambanan,4.809523809523809,0.4023739080814782,21,0.2857142857142857,0.3333333333333333,0.38095238095238093,0.803918534747442,0.6238095238095238
Pantai Krakal,4.4576271186440675,1.263847899762728,59,0.3559322033898305,0.03389830508474576,0.6101694915254238,0.9002322537054541,0.623728813559322
Wisata Klayar,3.980392156862745,1.240809350036199,51,0.45098039215686275,0.11764705882352941,0.43137254901960786,0.8877228396459419,0.6235294117647059
Goa Sriti,4.3076923076923075,1.1039128053344505,39,0.38461538461538464,0.23076923076923078,0.38461538461538464,0.8313795041992534,0.6230769230769231
Stone Valley,4.25,1.2632278815997782,48,0.3958333333333333,0.1875,0.4166666666666667,0.8546974352008122,0.6229166666666667
Eks. Pengepul Nila Bulurejo,4.863636363636363,0.3512500866571045,22,0.2727272727272727,0.22727272727272727,0.5,0.8509101355562666,0.6227272727272727
Situs Candi Pelembutan,4.428571428571429,0.9973509887241276,28,0.35714285714285715,0.10714285714285714,0.5357142857142857,0.8792376798369667,0.6214285714285714
Pantai Ngedan,4.573770491803279,0.9909425882031486,61,0.32786885245901637,0.09836065573770492,0.5737704918032787,0.9052146861340947,0.621311475409836
Lava Bantal,4.105263157894737,1.3320796110689346,57,0.42105263157894735,0.05263157894736842,0.5263157894736842,0.8983600417948749,0.6210526315789474
Bukit Mojo Gumelem,3.9591836734693877,1.1357666954064807,49,0.4489795918367347,0.12244897959183673,0.42857142857142855,0.897711777018776,0.6204081632653061
Hutan Mangrove Kadilangu,4.2,1.1428571428571428,50,0.4,0.12,0.48,0.8775526936287906,0.6200000000000001
Sendra Tari Ramayana Ballet,4.456521739130435,1.2772630763408042,46,0.34782608695652173,0.08695652173913043,0.5652173913043478,0.9015957627973863,0.6195652173913043
Pantai Drini,4.4772727272727275,0.976196614861375,44,0.3409090909090909,0.1590909090909091,0.5,0.8554692398023477,0.6181818181818182
Pantai Nglolang,4.636363636363637,0.7035264706814484,55,0.3090909090909091,0.14545454545454545,0.5454545454545454,0.869133185421738,0.6181818181818182
Situs Gembirowati,4.641025641025641,0.7429379618209785,39,0.3076923076923077,0.2564102564102564,0.4358974358974359,0.831856440857082,0.617948717948718
Gua Pindul,4.630434782608695,0.903295095185127,46,0.30434782608695654,0.15217391304347827,0.5434782608695652,0.8518538714060157,0.6152173913043478
Monumen Pahlawan Pancasila ,4.714285714285714,0.667366579370367,35,0.2857142857142857,0.2,0.5142857142857142,0.8523069152986393,0.6142857142857143
Museum Peta,4.633333333333334,0.8502873077655144,30,0.3,0.1,0.6,0.8812181169786474,0.6133333333333334
Kawasan Hutan Wonosadi,4.466666666666667,0.7432233529572065,15,0.3333333333333333,0.2,0.4666666666666667,0.8524779518153891,0.6133333333333333
Arus Progo Rafting,4.461538461538462,1.0722861422447847,39,0.3333333333333333,0.23076923076923078,0.4358974358974359,0.820677793284864,0.6128205128205129
Museum Taman Tino Sidin,4.902439024390244,0.30040622902833486,41,0.24390243902439024,0.0975609756097561,0.6585365853658537,0.8746154194047207,0.6121951219512195
Gua Song Gilap Anjani Kenteng,4.526315789473684,0.611775290321498,19,0.3157894736842105,0.15789473684210525,0.5263157894736842,0.8779586969140952,0.6105263157894736
Obelix Hills,4.333333333333333,1.0585685503955446,48,0.3541666666666667,0.041666666666666664,0.6041666666666666,0.8976826692067941,0.6104166666666666
Pantai Porok,4.877551020408164,0.331200660553418,49,0.24489795918367346,0.10204081632653061,0.6530612244897959,0.8783601702245845,0.610204081632653
Pantai Jogan,4.220338983050848,1.2466202116421863,59,0.3728813559322034,0.06779661016949153,0.559322033898305,0.9124326965740255,0.6084745762711865
Goa Selarong,4.166666666666667,1.2862626266495685,42,0.38095238095238093,0.07142857142857142,0.5476190476190477,0.9104549257520075,0.6071428571428572
Museum Dr. Yap Prawirohusodo,4.8936170212765955,0.31166052833390556,47,0.23404255319148937,0.10638297872340426,0.6595744680851063,0.868485941482474,0.6063829787234043
Pantai Baron,4.0212765957446805,1.5391889691331613,47,0.40425531914893614,0.0851063829787234,0.5106382978723404,0.8824893577316621,0.6042553191489362
Pantai Parangtritis,4.1020408163265305,1.38811769972842,49,0.3877551020408163,0.08163265306122448,0.5306122448979592,0.884757357035616,0.6040816326530611
Museum Bantul Masa Belanda,4.428571428571429,0.9787661586289707,35,0.3142857142857143,0.14285714285714285,0.5428571428571428,0.8625056449821197,0.6000000000000001
Pantai Watu Lumbung,4.714285714285714,0.7828387055603443,70,0.2571428571428571,0.07142857142857142,0.6714285714285714,0.9066248420646095,0.6
Air Terjun Sri Gethuk,4.517241379310345,1.0129231506560141,58,0.29310344827586204,0.08620689655172414,0.6206896551724138,0.8878563336372803,0.5982758620689655
Goa Sentono,4.48936170212766,0.7481089325914554,47,0.2978723404255319,0.0851063829787234,0.6170212765957447,0.8599854339075694,0.597872340425532
Teras Kaca,3.847457627118644,1.5953981161564814,59,0.423728813559322,0.06779661016949153,0.5084745762711864,0.8855161830675669,0.5966101694915253
Air Terjun Grojogan Sewu,4.3090909090909095,0.8792405660932469,55,0.32727272727272727,0.07272727272727272,0.6,0.9039686818068319,0.5945454545454546
Pantai Bekah,4.576271186440678,0.747487511843751,59,0.2711864406779661,0.11864406779661017,0.6101694915254238,0.8912892839408988,0.5932203389830508
Pantai Kwaru,3.8372093023255816,1.343949980612224,43,0.4186046511627907,0.046511627906976744,0.5348837209302325,0.8895149299943927,0.5930232558139535
Drini Park,4.463414634146342,1.0270725625682382,41,0.2926829268292683,0.0975609756097561,0.6097560975609756,0.876018473327582,0.5926829268292684
Blue Lagoon,3.731707317073171,1.3968605915391563,41,0.43902439024390244,0.04878048780487805,0.5121951219512195,0.8915501969538591,0.5926829268292683
Bukit teletubbies,4.0508474576271185,1.2922011268342481,59,0.3728813559322034,0.1864406779661017,0.4406779661016949,0.8595436223473862,0.5915254237288136
Candi Kedulan,4.7727272727272725,0.5222329678670935,44,0.22727272727272727,0.11363636363636363,0.6590909090909091,0.8535405930751789,0.5909090909090908
Pantai Torohudan,4.583333333333333,1.0174533245341695,72,0.2638888888888889,0.125,0.6111111111111112,0.8680647869465938,0.5902777777777778
Etalase Taman Batu Geopark Gunung Sewu,4.125,1.1036689296990192,48,0.3541666666666667,0.1875,0.4583333333333333,0.8587422012425324,0.5895833333333333
Gua Tapan Seluman,4.4375,0.8481832901071685,48,0.2916666666666667,0.0625,0.6458333333333334,0.8788645175598374,0.5895833333333333
Pantai Samas,4.111111111111111,1.2653102785523007,45,0.35555555555555557,0.13333333333333333,0.5111111111111111,0.8615540997278907,0.5888888888888889
Puncak Kleco,4.4603174603174605,0.7997055269607123,63,0.2857142857142857,0.07936507936507936,0.6349206349206349,0.8936186809939994,0.5888888888888889
Kids Fun Park,4.311111111111111,1.3787712286706961,45,0.3111111111111111,0.044444444444444446,0.6444444444444445,0.8937436574655967,0.5866666666666667
Sadranan Park,3.96,1.3696416930522155,50,0.38,0.12,0.5,0.8750435439537536,0.5860000000000001
Pantai Srakung,4.746031746031746,0.537864773995255,63,0.2222222222222222,0.09523809523809523,0.6825396825396826,0.894279730155749,0.5857142857142856
Citra Grand Mutiara Waterpark Yogyakarta,4.213114754098361,1.0818926949003256,61,0.32786885245901637,0.08196721311475409,0.5901639344262295,0.8737518663233322,0.5852459016393442
Museum Wayang Kekayon,4.17948717948718,1.189245556330719,39,0.3333333333333333,0.10256410256410256,0.5641025641025641,0.8494789501719958,0.5846153846153846
Pantai Pringjono,4.391304347826087,1.0031918370344644,69,0.2898550724637681,0.07246376811594203,0.6376811594202898,0.8929421722936142,0.5840579710144927
Goa Kidang Kencono,4.375,0.8242255917447338,24,0.2916666666666667,0.16666666666666666,0.5416666666666666,0.8584649424600235,0.5833333333333334
Pantai Krokoh,4.2153846153846155,1.3286777695832106,65,0.3230769230769231,0.03076923076923077,0.6461538461538462,0.9072388501555441,0.583076923076923
Museum Tani Jawa Indonesia,4.685714285714286,0.6311254453205737,35,0.22857142857142856,0.05714285714285714,0.7142857142857143,0.8836696515016391,0.5828571428571429
Laguna Pantai Trisik,4.0588235294117645,1.1791413535072046,34,0.35294117647058826,0.08823529411764706,0.5588235294117647,0.8963195018120893,0.5823529411764706
Pantai Sanglen,4.245901639344262,1.2994324107716928,61,0.3114754098360656,0.18032786885245902,0.5081967213114754,0.8758860581839247,0.5803278688524589
Museum Paleoantropologi,4.8,0.42163702135578407,10,0.2,0.0,0.8,0.9126621249652788,0.58
Pantai Sedahan,4.45,0.9283665260982115,60,0.26666666666666666,0.03333333333333333,0.7,0.8888790712245442,0.5783333333333334
Pantai Pandansimo,4.1875,1.2296734420949118,32,0.3125,0.03125,0.65625,0.8755349762637747,0.575
Pantai Baru,4.5,0.9182250567818114,52,0.25,0.1346153846153846,0.6153846153846154,0.8706029968625372,0.575
Museum Laboratorium Sejarah UPY,4.5,0.5773502691896258,4,0.25,0.0,0.75,0.950452316842914,0.575
Pantai Midodaren,4.290909090909091,1.271813043457417,55,0.2909090909090909,0.05454545454545454,0.6545454545454545,0.887073867675999,0.5745454545454545
Goa Payaman,3.967741935483871,0.8749807985604386,31,0.3548387096774194,0.1935483870967742,0.45161290322580644,0.8532414813437997,0.5741935483870968
Air Terjun Jurug Gede,4.454545454545454,0.7892373679037397,55,0.2545454545454545,0.09090909090909091,0.6545454545454545,0.8904413211507418,0.5727272727272728
Pantai Seruni,4.409836065573771,1.2433429291005207,61,0.26229508196721313,0.04918032786885246,0.6885245901639344,0.9202958915452524,0.5721311475409836
Pantai Watu Lawang,3.816666666666667,1.6207517262653435,60,0.36666666666666664,0.08333333333333333,0.55,0.8834491810226562,0.5650000000000001
Balong Waterpark,4.022222222222222,1.4379418512849422,45,0.3111111111111111,0.15555555555555556,0.5333333333333333,0.8790202935067184,0.5577777777777777
GLAMPING MENOREH,3.9672131147540983,1.5807931881891244,61,0.3114754098360656,0.06557377049180328,0.6229508196721312,0.8954550669458042,0.5524590163934426
Gua Permoni,4.166666666666667,0.9084069859003286,42,0.2619047619047619,0.19047619047619047,0.5476190476190477,0.8718240786741165,0.5476190476190477
Pantai Ngrenehan,4.403225806451613,1.179881591994039,62,0.20967741935483872,0.016129032258064516,0.7741935483870968,0.9097320875881532,0.5451612903225806
Watu Giring,4.117647058823529,1.037616904909863,34,0.2647058823529412,0.14705882352941177,0.5882352941176471,0.8802775017818835,0.5441176470588235
Pantai Ngunggah,4.766666666666667,0.5325559305923083,60,0.13333333333333333,0.03333333333333333,0.8333333333333334,0.9272959758733665,0.5433333333333333
The World Landmark Merapi Park,3.5961538461538463,1.6480483452909658,52,0.34615384615384615,0.11538461538461539,0.5384615384615384,0.8951060106183675,0.5326923076923077
Air Terjun Luweng Sampang,3.911111111111111,1.2214414402332974,45,0.26666666666666666,0.1111111111111111,0.6222222222222222,0.8822449491309013,0.5244444444444444
Situs Candi Risan,4.62,0.6667006794044592,50,0.12,0.28,0.6,0.8348662256288745,0.522
Pantai Pandansari,3.6984126984126986,1.6027689813501151,63,0.30158730158730157,0.07936507936507936,0.6190476190476191,0.895760943162756,0.5206349206349207
Gua Pari,4.5,1.4142135623730951,8,0.125,0.375,0.5,0.8082717817065026,0.5125
Sindu Kusuma Edupark,4.090909090909091,1.2725762519883577,44,0.20454545454545456,0.06818181818181818,0.7272727272727273,0.9083441672350537,0.5113636363636364
Watu Jagal,3.75,1.082390238061569,52,0.25,0.057692307692307696,0.6923076923076923,0.9097771625758958,0.5
Waterbyur,3.522727272727273,1.5171674397274457,44,0.2727272727272727,0.18181818181818182,0.5454545454545454,0.8775940707431712,0.48863636363636365
Goa Grengseng (Wisata RELIGI),4.25,0.8864052604279185,8,0.125,0.125,0.75,0.8856693233348875,0.4875
Situs Bleberan,3.4285714285714284,1.2724180205607034,7,0.2857142857142857,0.14285714285714285,0.5714285714285714,0.8721378239614543,0.4857142857142857
Kolam Renang Tirto Tamansari,3.3389830508474576,1.7281659551887054,59,0.288135593220339,0.06779661016949153,0.6440677966101694,0.90908124570649,0.47796610169491527
Mangrove Jembatan Api-Api (MJAA),3.2857142857142856,1.6272933428529044,42,0.2857142857142857,0.07142857142857142,0.6428571428571429,0.9196541923173921,0.4714285714285714
HeHa Forest,3.196078431372549,1.575050574973861,51,0.29411764705882354,0.09803921568627451,0.6078431372549019,0.8829775130675737,0.4666666666666667
Pantai Depok,3.8333333333333335,1.6286443041694358,48,0.14583333333333334,0.16666666666666666,0.6875,0.8568891298991993,0.45625000000000004
Puncak Watu Togog,3.4,2.1908902300206643,5,0.2,0.4,0.4,0.7732263219816927,0.43999999999999995
Waterboom Jogja,3.46875,1.5933268579266702,64,0.171875,0.140625,0.6875,0.8832906336424486,0.4328125
Budidaya Bunga Krisan,3.1333333333333333,1.4573295865416045,15,0.2,0.2,0.6,0.8289552937645398,0.41333333333333333
